{
  "tag": "KD_R18_to_MBV3_128_a0.1_t5_e12",
  "auroc": 0.7664473652839661,
  "auprc": 0.1571112424135208,
  "f1_macro": 0.18056075538603514,
  "f1_macro_opt": 0.22464682307106557,
  "thresholds": [
    0.6,
    0.9,
    0.74,
    0.54,
    0.78,
    0.6,
    0.82,
    0.72,
    0.74,
    0.88,
    0.9,
    0.92,
    0.82,
    0.96
  ]
}