{
  "loss": 0.4992832280414792,
  "auroc": 0.7664473652839661,
  "auprc": 0.1571112424135208,
  "f1_macro": 0.18056075538603514,
  "thresholds": [
    0.6000000238418579,
    0.8999999761581421,
    0.7400000095367432,
    0.5400000214576721,
    0.7799999713897705,
    0.6000000238418579,
    0.8199999928474426,
    0.7200000286102295,
    0.7400000095367432,
    0.8799999952316284,
    0.8999999761581421,
    0.9200000166893005,
    0.8199999928474426,
    0.9599999785423279
  ],
  "f1_macro_opt": 0.22464682307106557
}