{
  "loss": 0.16084300750731273,
  "auroc": 0.7822265625,
  "auprc": 0.1750451773405075,
  "f1_macro": 0.23302240186881362
}