{
  "loss": 0.1609947153937985,
  "auroc": 0.7828112840652466,
  "auprc": 0.1734190285205841,
  "f1_macro": 0.22775453846310612
}