{
  "loss": 0.16192619445750872,
  "auroc": 0.776810348033905,
  "auprc": 0.16811683773994446,
  "f1_macro": 0.2241883156128809
}