{
  "loss": 0.16340204113645593,
  "auroc": 0.7852269411087036,
  "auprc": 0.17372243106365204,
  "f1_macro": 0.23236908796386654
}