{
  "loss": 0.16164997332497202,
  "auroc": 0.7790037989616394,
  "auprc": 0.1759720891714096,
  "f1_macro": 0.22827474148400562
}