{
  "loss": 0.16187029260947225,
  "auroc": 0.7827706933021545,
  "auprc": 0.1722162812948227,
  "f1_macro": 0.22265701151798115
}