{
  "loss": 0.4959492423595526,
  "auroc": 0.9301336407661438,
  "auprc": 0.9398142099380493,
  "f1_macro": 0.8881118881118881
}