{
  "loss": 0.5179041859719191,
  "auroc": 0.7684500813484192,
  "auprc": 0.15489374101161957,
  "f1_macro": 0.17529494868030662,
  "f1_macro_opt": 0.21858589139203435
}