{
  "loss": 0.3149952907074536,
  "auroc": 0.7854655981063843,
  "auprc": 0.16983327269554138,
  "f1_macro": 0.2084321482334694,
  "f1_macro_opt": 0.23837881423579796
}