{
  "loss": 0.16370254227072792,
  "auroc": 0.7545796632766724,
  "auprc": 0.1577739715576172,
  "f1_macro": 0.03342398559236588
}