{
  "loss": 0.32735219662116044,
  "auroc": 0.7767453789710999,
  "auprc": 0.1626552790403366,
  "f1_macro": 0.20631339102460372,
  "f1_macro_opt": 0.2311075807976042
}