{
  "loss": 3.2696417220611393,
  "auroc": 0.7446878552436829,
  "auprc": 0.15004371106624603,
  "f1_macro": 0.10614581543887945,
  "f1_macro_opt": 0.1633830493976097
}