{
  "loss": 0.4617103782931604,
  "auroc": 0.7683950066566467,
  "auprc": 0.16034933924674988,
  "f1_macro": 0.18637516094531406,
  "f1_macro_opt": 0.22477981453387458
}