{
  "loss": 0.3319070224578564,
  "auroc": 0.9622287750244141,
  "auprc": 0.9687269926071167,
  "f1_macro": 0.8958333333333334
}